"Employee_Name","Employee_EmailID","Secret_Child_Name","Secret_Child_EmailID"
"Hamish Murray","hamish.murray@acme.com","Ethan Murray","ethan.murray@acme.com"
"Layla Graham","layla.graham@acme.com","Hamish Murray","hamish.murray.sr@acme.com"
"Matthew King","matthew.king@acme.com","Mark Lawrence","mark.lawrence@acme.com"
"Benjamin Collins","benjamin.collins@acme.com","Charlie Wright","charlie.wright@acme.com"
"Isabella Scott","isabella.scott@acme.com","Matthew King","matthew.king.jr@acme.com"
"Charlie Ross","charlie.ross@acme.com","Matthew King","matthew.king@acme.com"
"Hamish Murray","hamish.murray.sr@acme.com","Hamish Murray","hamish.murray.jr@acme.com"
"Piper Stewart","piper.stewart@acme.com","Charlie Ross","charlie.ross.jr@acme.com"
"Spencer Allen","spencer.allen@acme.com","Layla Graham","layla.graham@acme.com"
"Charlie Wright","charlie.wright@acme.com","Benjamin Collins","benjamin.collins@acme.com"
"Hamish Murray","hamish.murray.jr@acme.com","Isabella Scott","isabella.scott@acme.com"
"Charlie Ross","charlie.ross.jr@acme.com","Charlie Ross","charlie.ross@acme.com"
"Ethan Murray","ethan.murray@acme.com","Piper Stewart","piper.stewart@acme.com"
"Matthew King","matthew.king.jr@acme.com","Hamish Murray","hamish.murray@acme.com"
"Mark Lawrence","mark.lawrence@acme.com","Spencer Allen","spencer.allen@acme.com"